nhn_datasetname,nhn_wscssdaname,Project
02QA002,Rimouski
02VA000,Manitou
0210003,Saint Lawrence River (Q.C.)
02MCA00,Upper St. Lawrence - Raisin
03JB003,Lower aux Feuilles
01BD000,Matapédia
01BG001,Chaleur Bay - Northwestern
01BG002,Chaleur Bay - Northwestern
01BG003,Chaleur Bay - Northwestern
01BH001,Chaleur Bay - Gulf of St. Lawrence
01BH002,Chaleur Bay - Gulf of St. Lawrence
02PF000,Malbaie
02QC001,Madeleine
02RH002,Sanguenay- Mouth
02RH003,Sanguenay- Mouth
02UB000,Sainte-Marguerite
02WD000,Anticosti Island
03JB002,Lower aux Feuilles
02PC000,Jacque-Cartier
03MB000,Lower Baleine 
02SC001,Portneuf
02SB000,Lower Betsiamites
02PE001,Lower St.Lawrence - Gouffre
02PG002,Lower St.Lawrence - Loup
02RH004,Sanguenay- Mouth
02RH001,Sanguenay- Mouth
01BF001,Lower Restigouche - Nouvelle
03MD001,Upper George
02VC000,Romaine
02WA000,Aguanus
02YG000,Southern and Eastern White Bay
03MD002,Upper George
02PG001,Lower St. Lawrence - Loup
02QA003,Rimouski
01FC000,Chéticamp
02VB000,Magpie
02WB000,Natashquan
03MD003,Upper George
02QA001,Rimouski
03NF000,Adlatok
02QB003,Matane
03KE000,Koksoak - Mouth
02QC002,Madeleine
02QB001,Matane
02QB002,Matane
210002,Saint Lawrence River (Q.C.)
02PE002,Lower St.Lawrence - Gouffre
02YS000,Southern and Eastern Bonavista Bay
01AG000,Aroostook
02SC002,Portneuf
01AJA00,Central Saint John - Becaguimec
01AJB00,Central Saint John - Becaguimec
01AK000,Central Saint John - Keswick
01AL000,Nashwaak
01AM000,Oromocto
01AN000,Salmon (N.B.)
01AO000,Lower Saint John - Grand Lake
01AP000,Lower Saint John - Kennebecasis
01AQ000,Magaguadavic
01AR000,St. Croix
02YR000,Northwestern Bonavista Bay
03NH000,Big (Nfld.)
03OB001,Smallwood Reservoir
02YP000,Southwestern Notre Dame Bay
02YQ000,Gander
02XB000,St-Augustin - Coast
02XC000,Saint-Paul - Coast
02YH000,Bonne Bay
02YO000,Exploits
02YD000,Canada Bay
02YE000,Portland Creek Pond
02YF000,Western White Bay
03JB004,Lower aux Feuilles
02MCD01,Upper St. Lawrence- Raisin
02OAA01,Montreal Island
02ZG000,Southwestern Placentia Bay
02ZE000,Hermitage Bay
03OB002,Smallwood Reservoir
02XA000,Petit Mécatina - Coast
03MA001,Upper Baleine
03NE001,Kogaluk and Notakwanon
02YN000,Red Indian Lake
01DA000,Meteghan
01DB000,Sissiboo
01DC000,Annapolis
02ZA000,St. George's Bay
01DE000,Avon
02ZD000,Grey
01DG000,Shubenacadie
01DH000,Salmon (N.S.)
01DJ000,Economy
01DK000,Minas Channel - Parrsboro
01DL000,Maccan
01DM000,Tidnish
01DN000,Philip
01DO000,John
01DP000,East and West River of Pictou
01DQ000,French (N.S.)
01DR000,South and West Antigonish
01DS000,Tracadie
01EA000,Tusket
01EB000,Clyde
01EC000,Roseway
01ED000,Mersey
01EE000,Medway
01EF000,LaHave
01EG000,Gold
01EH000,St. Margarets Bay
01EJ000,Sackville
02WC000,Olomane
01EK000,Musquodoboit
01EL000,Tangier
01EM000,East and West River Sheet Harbour
01EN000,Liscomb
01EO000,St. Marys
01EP000,Country Harbour
01EQ000,New Harbour
01ER000,St. Francis Harbour
03LD000,Swampy Bay
0210001,Saint Lawrence River (Q.C.)
01AA000,Headwaters Saint John
01FA000,Inhabitants
01FB000,Margaree
01FD000,Wreck Cove
01FE000,Indian
01AB000,Upper Saint John - Big Black
01FF000,Baddeck
01FG000,Denys
01FH000,Grand
02PH001,Etchemin 
01FJ000,Mira
02MA000,Cataraqui
02RC000,Lower Peribonca
02ZF000,Fortune Bay
02ZJ000,Trinity Bay
02YM000,Western Notre Dame Bay
02ZL000,Concepton Bay
03NE002,Kogaluk and Notakwanon
02ZN000,Eastern St. Mary's Bay
02YJ000,Port au Port Bay
02RG001,Lac Saint-Jean
02ZB000,La Poile Bay
02ZC000,White Bear Bay
02ZH000,Northwestern Placentia Bay
02ZK000,Eastern Placentia and Western St. Mary's Bays
02ZM000,Eastern Coast Newfoudland
01DD000,Gaspereau
01DF000,Kennetcook
01BP000,Little Southwest Miramichi
03OD000,Central Churchill (Nfld.)
03NG002,Kanairiktok
03PA000,Naskaupi
03PD000,Lake Melville
03QA000,Eagle- Paradise
03NG001,Kanairiktok
03OE000,Lower Churchill (Nfld.)
02YK000,Humber - Upper
03ME000,Lower George
03MF001,Koroc
03PB000,Grand Lake
03PC000,Goose Bay
03MF002,Koroc
03PE000,Hamilton Inlet
02XD000,Strait of Belle Isle - North Shore
03ND000,Tikkoatokuk
03NB000,Saglek and Hebron
03NA000,Labrador - Northern
03NC000,Okuk Bay
03QB000,Alexis
02YA000,Strait of Belle Isle - South Shore
02YB000,Hare Bay
02YC000,St. John Bay
01AD000,Upper Saint John - St. Francis
01BC000,02QA00
01AH000,Tobique
01CA000,Western Prince Edward Island
01CB000,Central Prince Edward Island - Wilmot
01CC000,Central Prince Edward Island - Hillsborough
02RG002,Lac Saint-Jean
02SA000,Upper Betsiamites
01CD000,Northeastern Prince Edward Island
01CE000,Southeastern Prince Edward Island
01BU000,Petitcodiac
01BA000,Upper Restigouche
01BB000,Kedgwick
01BE000,Upsalquitch
01BJ001,Chaleur Bay - Southwestern
01BL000,Acadian Peninsula
01BM000,Southwest Miramichi - Upper
02TB000,Upper Manicouagan
01BN000,Southwest Miramichi - Central
01BO000,Miramichi - Mouth
01BQ000,Northwest Miramichi
01BR000,Kouchibouguac
01BT000,Kinnear
01BS000,Richibucto
01BV000,Point Wolfe
02WE000,
03HA003,Lower Arnaud
03HA004,Lower Arnaud
01AF000,Upper Saint John - Verte
03JC002,Baie aux Feuilles
03LA003,Headwaters Caniapiscau
03LB000,Upper Caniapiscau
01BK000,Nepisiguit
02YL000,Humber - Lower
03LC000,Sable
03LE001,Central Caniapiscau
03LE002,Central Caniapiscau
03LF000,Lower Caniapiscau
0209000,Lake Ontario
03MC001,Tunulic
03MC002,Tunulic
01BB002,Kedgwick
02TE000,Lower aux Outardes
02UA000,Penecôte
02UC000,Moisie- Coast
03FA001,Nastapoca
03FA002,Nastapoca
03JA001,Upper aux Feuilles
03JA002,Upper aux Feuilles
03OA001,Ashuanipi
03OA002,Ashuanipi
03JA003,Upper aux Feuilles
03JA004,Upper aux Feuilles
03OC001,Atikosak and Upper Churchill (Nfld.)
03OC002,Atikosak and Upper Churchill (Nfld.)
03JA005,Upper aux Feuilles
03JB001,Lower aux Feuilles
03KA001,Upper aux Mélèzes
03KD000,
03KA002,Upper aux Mélèzes
03KB001,Gué
03KB002,Gué
03KB003,Gué
03KC000,Lower aux Mélèzes
03MA002,Upper Baleine
02NE000,
02RD000,
02RF000,
03EA001,
03FC001,
03HA002,
03HC002,
03JC001,
03JD000,
0210003,
